representation_keyword_sn,representation_keyword,Category
1,가상화 솔루션,업계 지식
2,강화학습 (Reinforcement Learning),업계 지식
3,개인정보 관리시스템 (PIMS),업계 지식
4,객체 인식 (Object Detection),업계 지식
5,객체지향 프로그래밍 (object oriented programming),업계 지식
6,검색 엔진 최적화 (SEO),업계 지식
7,게임 서버 (Game Server),업계 지식
8,게임 엔진 (Game Engine),업계 지식
9,결제시스템,업계 지식
10,계리시스템,업계 지식
11,고가용성 (High Availability),업계 지식
12,고객 관계 관리 (CRM),업계 지식
13,고성능 컴퓨팅 (HPC),업계 지식
14,관점지향 프로그래밍 (Aspect Oriented Programming),업계 지식
15,광고 타겟팅,업계 지식
16,그로스 해킹 (Growth hacking),업계 지식
17,금융 서비스,업계 지식
18,금융 플랫폼,업계 지식
19,기계 학습 (Machine Learning),업계 지식
20,기반 시설 (Infra Structure),업계 지식
21,네이티브 앱 (Native App),업계 지식
22,네트워크 (Network),업계 지식
23,네트워크 보안 (network security),업계 지식
24,네트워크 프로그래밍 (Network Programming),업계 지식
25,대시보드 개발,업계 지식
26,대용량 데이터 처리,업계 지식
27,대용량 시스템,업계 지식
28,대용량 트래픽,업계 지식
29,대용량 tps 서비스,업계 지식
30,데브옵스 (DevOps),업계 지식
31,데이터 구조,업계 지식
32,데이터 분석,업계 지식
33,데이터 설계,업계 지식
34,데이터 수집,업계 지식
35,데이터 시각화,업계 지식
36,데이터 아키텍처,업계 지식
37,데이터 웨어하우스 (Data Warehouse),업계 지식
38,데이터 인프라스트럭처 (Data Infrastructure),업계 지식
39,데이터 입력,업계 지식
40,데이터 파이프라인,업계 지식
41,데이터베이스 모델링,업계 지식
42,데이터베이스 엔지니어,업계 지식
43,데이터베이스 쿼리 최적화,업계 지식
44,도메인 주도 설계 (DDD),업계 지식
45,동기 처리 (Synchronous),업계 지식
46,동기/비동기 (Asynchronous-synchronous),업계 지식
47,동시성,업계 지식
48,디버깅 (Debugging),업계 지식
49,디자인 패턴,업계 지식
50,디지털 권리 관리 (DRM),업계 지식
51,딥러닝 (Deep Learning),업계 지식
52,라이다 (lidar),업계 지식
53,라이브러리 (library),업계 지식
54,레이다 (radar),업계 지식
55,로그 (log),업계 지식
56,로보 어드바이저 (Robo-Advisor),업계 지식
57,로봇 (robot),업계 지식
58,리눅스 커널 (linux kernel),업계 지식
59,리팩토링 (Refactoring),업계 지식
60,마커 인식 (Marker Recognition),업계 지식
61,마케팅 (marketing),업계 지식
62,마케팅 솔루션,업계 지식
63,머티리얼 디자인 (Material Design),업계 지식
64,멀티 스레드 (Multi-thread),업계 지식
65,멀티 플랫폼 (Multi-platform),업계 지식
66,멀티미디어 프레임워크 (Multimedia framework),업계 지식
67,메모리 최적화,업계 지식
68,모니터링 (Monitoring),업계 지식
69,모델 경량화,업계 지식
70,모델 최적화,업계 지식
71,모델-뷰-뷰 모델 (mvvm),업계 지식
72,모바일 네트워크 (Mobile network),업계 지식
73,모바일 앱 개발,업계 지식
74,모바일 웹 (Mobile Web),업계 지식
75,모바일 플랫폼 (mobile platform),업계 지식
76,모바일 플랫폼 전략 수립,업계 지식
77,미들웨어 (Middleware),업계 지식
78,미디어 기기 처리,업계 지식
79,반응형 웹 (Responsive Web),업계 지식
80,반응형 웹 디자인 (Responsive Web Design),업계 지식
81,반응형 웹 서비스 (Responsive Web Service),업계 지식
82,방송 미들웨어,업계 지식
83,배포 자동화 (Continuous Deployment),업계 지식
84,백엔드(Back-end),업계 지식
85,백오피스 (BackOffice),업계 지식
86,버전 관리,업계 지식
87,병렬 프로그래밍 (Parallel programming),업계 지식
88,병렬처리 (Parallel processing),업계 지식
89,보안 (Security),업계 지식
90,분산 버전 관리 시스템 (DVCS),업계 지식
91,분산 시스템 (Distributed system),업계 지식
92,분산 처리 (Distributed computing),업계 지식
93,분산 처리 시스템 (Distributed Processing System),업계 지식
94,분산환경 (Data parallelism),업계 지식
95,브랜딩 (Branding),업계 지식
96,블록체인 (Block chain),업계 지식
97,비동기 처리 (Asynchronous),업계 지식
98,빅데이터 (Big data),업계 지식
99,빌드 (Build),업계 지식
100,생명주기관리 (Application Lifecycle Management),업계 지식
101,빌드 자동화 (Build Automation),업계 지식
102,사물인터넷 (IoT),업계 지식
103,사업계획 수립,업계 지식
104,사업관리,업계 지식
105,사업기획,업계 지식
106,사업전략 수립,업계 지식
107,사용자 경험 (UX),업계 지식
108,사용자 인터페이스 (UI),업계 지식
109,사용자 추천,업계 지식
110,사이트 신뢰성 공학 (sre),업계 지식
111,서버 (server),업계 지식
112,서버 가상화 (server vitualization),업계 지식
113,서버 개발 (server development),업계 지식
114,서버 관리 (server control),업계 지식
115,서버 보안 (server security),업계 지식
116,서버 설계 (server design),업계 지식
117,서버 엔지니어링 (server engineering),업계 지식
118,서버 통신,업계 지식
119,서버리스 (Serverless),업계 지식
120,서비스 운영,업계 지식
121,서비스 프로세스 설계,업계 지식
122,서비스형 소프트웨어 (SaaS),업계 지식
123,서비스형 인프라 (IaaS),업계 지식
124,서비스형 플랫폼 (PaaS),업계 지식
125,성능 최적화,업계 지식
126,성능 튜닝,업계 지식
127,소프트웨어 개발 보안 (secure coding),업계 지식
128,소프트웨어 개발 키트 (SDK),업계 지식
129,스레드 (Thread),업계 지식
130,시각적 주행거리 측정 방법 (Visual Odometry),업계 지식
131,시계열 분석,업계 지식
132,시스템 공학 (system engineering),업계 지식
133,시스템 아키텍처,업계 지식
134,시스템 퍼포먼스 개선,업계 지식
135,실시간 트래픽 (Real-time traffic),업계 지식
136,실시간 프로세싱 (Real-time processing),업계 지식
137,실험계획법 (DOE),업계 지식
138,아키텍쳐 (Atchitecture),업계 지식
139,아키텍쳐 설계 (Architecture Design),업계 지식
140,안드로이드 앱 (Android application),업계 지식
141,안면 인식 (Face recognition),업계 지식
142,암호학 (Cryptography),업계 지식
143,암호화 (encryption),업계 지식
144,암호화 알고리즘,업계 지식
145,암호화폐 (Cryptocurrency),업계 지식
146,앱 개발,업계 지식
147,앱 유지보수,업계 지식
148,앱 제작,업계 지식
149,어드민 시스템 (admin system),업계 지식
150,어플리케이션 개발,업계 지식
151,어플리케이션 제작,업계 지식
152,영상 분석,업계 지식
153,영상 분할 (Segmentation),업계 지식
154,영상 인식,업계 지식
155,예측 모델 개발,업계 지식
156,오토 레이아웃 (Auto layout),업계 지식
157,오토 스케일링 (Auto scaling),업계 지식
158,와이어 프레임 (Wireframe),업계 지식
159,와이파이 (WiFi),업계 지식
160,원천세,업계 지식
161,웹 개발,업계 지식
162,웹 서비스 개발,업계 지식
163,웹 서비스 운영,업계 지식
164,웹 아키텍쳐,업계 지식
165,웹 애플리케이션 개발,업계 지식
166,웹 퍼블리싱,업계 지식
167,웹 표준,업계 지식
168,웹서비스 성능 개선,업계 지식
169,웹소켓,업계 지식
170,웹솔루션 개발,업계 지식
171,웹접근성,업계 지식
172,웹퍼블리싱,업계 지식
173,위치 기반,업계 지식
174,유닛 테스트 (unit test),업계 지식
175,음성합성 (speech synthesis),업계 지식
176,응용 플랫폼 개발,업계 지식
177,의료영상저장전송시스템 (PACS),업계 지식
178,의료용 디지털 영상 및 통신 표준 (DICOM),업계 지식
179,이상치 탐색 (Outlier detection),업계 지식
180,이커머스 (E-Commerce),업계 지식
181,인공지능 (Artificial Intelligence),업계 지식
182,임베디드 시스템,업계 지식
183,자료구조 (Data structure),업계 지식
184,자연어 처리 (NLP),업계 지식
185,자율주행 (Autonomous Vehicles),업계 지식
186,재고 관리,업계 지식
187,전략기획,업계 지식
188,전송 계층 보안 (Secure Socket Layer),업계 지식
189,전자지급결제대행 (payment gateway),업계 지식
190,전표 입력,업계 지식
191,제품 검수,업계 지식
192,제품 관리,업계 지식
193,증빙서류 업무,업계 지식
194,지능형운전자보조시스템 (ADAS),업계 지식
195,창고 관리 시스템 (WMS),업계 지식
196,챗봇 (Chat bot),업계 지식
197,첨단 운전자 보조 시스템 (advanced driving assistance systems),업계 지식
198,추정재무제표,업계 지식
199,추천 서비스,업계 지식
200,추천 시스템,업계 지식
201,추천 알고리즘,업계 지식
202,"추출, 변환, 적재 (ETL)",업계 지식
203,"추출, 적재, 변환 (ELT)",업계 지식
204,측위,업계 지식
205,캐시 (Cache),업계 지식
206,컴퓨터 비전 (Computer Vision),업계 지식
207,코드 리뷰,업계 지식
208,쿼리 최적화,업계 지식
209,크로스 브라우징 (cross browsing),업계 지식
210,클라우드 (Cloud),업계 지식
211,클라우드 인프라 (Cloud infra),업계 지식
212,클라우드 플랫폼 (Cloud platform),업계 지식
213,클라우드 환경,업계 지식
214,클린 코드,업계 지식
215,테스트 자동화,업계 지식
216,"테스트 주도 개발 (TDD, Test-driven Development)",업계 지식
217,테스트 코드,업계 지식
218,텍스트 벡터화,업계 지식
219,텍스트 분석,업계 지식
220,텍스트마이닝 (Text Mining),업계 지식
221,통계학 (Statistics),업계 지식
222,통합 인증 (Single Sign On),업계 지식
223,트래킹 툴,업계 지식
224,퍼블릭 클라우드,업계 지식
225,풀스택,업계 지식
226,품질경영 (QM),업계 지식
227,품질관리 (QC),업계 지식
228,품질보증 (QA),업계 지식
229,프레임워크 (Framework),업계 지식
230,프로그래밍 언어,업계 지식
231,프로젝트 관리 (Project Management),업계 지식
232,프론트엔드 (Front-end),업계 지식
233,플랫폼 개발,업계 지식
234,플랫폼 기획,업계 지식
235,플랫폼 서비스,업계 지식
236,플러그인 (Plugin),업계 지식
237,핀테크 (FinTech),업계 지식
238,하이브리드 앱,업계 지식
239,"행위 주도 개발 (BDD, Behaviour-driven Development)",업계 지식
240,형상 관리,업계 지식
241,형태소 분석기,업계 지식
242,A/B Testing,업계 지식
243,API 개발,업계 지식
244,API 서버,업계 지식
245,API 서버 개발,업계 지식
246,API 설계,업계 지식
247,API Server,업계 지식
248,Augmentation,업계 지식
249,AutoML,업계 지식
250,BLE,업계 지식
251,Blue-Green 배포,업계 지식
252,CI/CD,업계 지식
253,client-side,업계 지식
254,Clustering,업계 지식
255,code convention,업계 지식
256,Crawler,업계 지식
257,Data management,업계 지식
258,dc/os,업계 지식
259,Digital image processing,업계 지식
260,Distributed Cloud,업계 지식
261,elastic stack,업계 지식
262,esp32,업계 지식
263,Functional Programming,업계 지식
264,Geographic Information System (GIS),업계 지식
265,GNN,업계 지식
266,Google Tag Manager (GTM),업계 지식
267,GPU,업계 지식
268,GUI,업계 지식
269,GPU Programming (GPGPU),업계 지식
270,IaC (infrastructure as code),업계 지식
271,image enhancement,업계 지식
272,image retrieval,업계 지식
273,IR,업계 지식
274,json,업계 지식
275,live encoder,업계 지식
276,mobile application,업계 지식
277,mobile player,업계 지식
278,MW,업계 지식
279,Quant,업계 지식
280,query tuning,업계 지식
281,Reactive programming,업계 지식
282,security engineering,업계 지식
283,sensor fusion,업계 지식
284,single-page application,업계 지식
285,SLAM,업계 지식
286,socket 통신,업계 지식
287,TCP,업계 지식
288,Tracking,업계 지식
289,VOD,업계 지식
290,W3C,업계 지식
291,web SDK,업계 지식
292,"객체관계매핑 (ORM, Object Relational Mapping)",도구&테크놀로지
293,걸프 (GulpJS),도구&테크놀로지
294,고가용성 (HA),도구&테크놀로지
295,"관계형 데이터베이스 (RDB, Relational Database)",도구&테크놀로지
296,"관계형 데이터베이스 관리 시스템 (RDBMS, Relational Database Management System)",도구&테크놀로지
297,관성 측정 장비 (IMU),도구&테크놀로지
298,구글 애널리틱스 (Google analytics),도구&테크놀로지
299,구글 클라우드 플랫폼 (google cloud platform),도구&테크놀로지
300,그라파나 (Grafana),도구&테크놀로지
301,그래프QL (GraphQL),도구&테크놀로지
302,그런트 (Grunt),도구&테크놀로지
303,깃 (Git),도구&테크놀로지
304,깃랩 (GitLab),도구&테크놀로지
305,네이티브 개발 키트 (NDK),도구&테크놀로지
306,네티 (Netty),도구&테크놀로지
307,노션 (Notion),도구&테크놀로지
308,"단일 페이지 애플리케이션 (SPA, Single Page Application)",도구&테크놀로지
309,닷넷 프레임워크 (.net Framework),도구&테크놀로지
310,더존 (Douzone),도구&테크놀로지
311,더존 Smart A,도구&테크놀로지
312,데이터베이스 (database),도구&테크놀로지
313,데이터베이스 관리 시스템 (DBMS),도구&테크놀로지
314,도커 (Docker),도구&테크놀로지
315,도커 스웜 (Docker Swarm),도구&테크놀로지
316,드루팔 (Drupal),도구&테크놀로지
317,라라벨 (Laravel),도구&테크놀로지
318,래빗 MQ (RabbitMQ),도구&테크놀로지
319,러스트 (Rust),도구&테크놀로지
320,레드마인 (Redmine),도구&테크놀로지
321,"레디스 (Redis, Remote Dictionary Server)",도구&테크놀로지
322,레스 (LESS),도구&테크놀로지
323,렘 (Realm),도구&테크놀로지
324,로그스태시 (Logstash),도구&테크놀로지
325,로봇 운영 체제 (ROS),도구&테크놀로지
326,루비 온 레일즈 (Ruby on Rails),도구&테크놀로지
327,리눅스 (Linux),도구&테크놀로지
328,리덕스 (Redux),도구&테크놀로지
329,리덕스-saga (Redux-Saga),도구&테크놀로지
330,리액트 (ReactJS),도구&테크놀로지
331,리액트 Styled Components,도구&테크놀로지
332,리액티브 스위프트 (RxSwift),도구&테크놀로지
333,리액티브 안드로이드 (RxAndroid),도구&테크놀로지
334,리액티브 자바 (RxJava),도구&테크놀로지
335,리액티브 자바스크립트 (RxJs),도구&테크놀로지
336,리액티브 코틀린 (RxKotlin),도구&테크놀로지
337,마리아 DB (Maria DB),도구&테크놀로지
338,마이바티스 (MyBatis),도구&테크놀로지
339,"마이크로서비스 (MSA, microservice architecture)",도구&테크놀로지
340,"마이크로서비스 아키텍쳐 (MSA, MicroService Architecture)",도구&테크놀로지
341,마이크로소프트 비주얼 베이직 (Microsoft Visual Basic),도구&테크놀로지
342,마이크로소프트 비주얼 C++ (Microsoft Visual C++),도구&테크놀로지
343,마이크로소프트 애저 (Microsoft Azure),도구&테크놀로지
344,마이크로소프트 엑셀 (Microsoft Excel),도구&테크놀로지
345,마이크로소프트 오피스 (Microsoft Office),도구&테크놀로지
346,마이크로소프트 하이퍼 V (Hyper-V),도구&테크놀로지
347,마이크로소프트 SQL 서버 (MS SQL),도구&테크놀로지
348,매트랩 (MATLAB),도구&테크놀로지
349,맨티스 버그 추적기 (Mantis Bug Tracker),도구&테크놀로지
350,맴캐시드 (Memcached),도구&테크놀로지
351,맵리듀스 (MapReduce),도구&테크놀로지
352,모의 객체 (Mock Object),도구&테크놀로지
353,모키토 (Mokito),도구&테크놀로지
354,몽고 DB (MongoDB),도구&테크놀로지
355,바벨 (Babel),도구&테크놀로지
356,부트스트랩 (Bootstrap),도구&테크놀로지
357,부트캠프(Boot camp),도구&테크놀로지
358,빅쿼리 (Big Query),도구&테크놀로지
359,빗버킷 (Bitbucket),도구&테크놀로지
360,"사용자 데이터그램 프로토콜 (UDP, User Datagram Protocol)",도구&테크놀로지
361,사이킷런 (scikit-learn),도구&테크놀로지
362,서버사이드 렌더링 (SSR),도구&테크놀로지
363,"서브버전 (SVN, Subversion)",도구&테크놀로지
364,소켓IO (Socket.IO),도구&테크놀로지
365,솔트 (SaltStack),도구&테크놀로지
366,쉘 스크립트 (Shell Script),도구&테크놀로지
367,스웨거 (Swagger),도구&테크놀로지
368,스위프트 (Swift),도구&테크놀로지
369,스칼라 (Scala),도구&테크놀로지
370,스케치 (Sketch),도구&테크놀로지
371,스테레오 비전 (Stereo Vision),도구&테크놀로지
372,스프링 루 (Spring Roo),도구&테크놀로지
373,스프링 모바일 (Spring Mobile),도구&테크놀로지
374,스프링 배치 (Spring Batch),도구&테크놀로지
375,스프링 부트 (Spring Boot),도구&테크놀로지
376,스프링 상태 머신 (Spring Statemachine),도구&테크놀로지
377,스프링 쉘 (Spring Shell),도구&테크놀로지
378,스프링 시큐리티 (Spring Security),도구&테크놀로지
379,스프링 안드로이드 (Spring for Android),도구&테크놀로지
380,스프링 클라우드 (Spring Cloud),도구&테크놀로지
381,스프링 프레임워크 (Spring Framework),도구&테크놀로지
382,스프링 AMQP (Spring AMQP),도구&테크놀로지
383,스프링 CredHub (Spring CredHub),도구&테크놀로지
384,스프링 Data (Spring Data),도구&테크놀로지
385,스프링 Flo (Spring Flo),도구&테크놀로지
386,스프링 HATEOAS (Spring HATEOAS),도구&테크놀로지
387,스프링 Integration (Spring Integration),도구&테크놀로지
388,스프링 LDAP (Spring LDAP),도구&테크놀로지
389,스프링 MVC (Spring MVC),도구&테크놀로지
390,스프링 REST Docs (Spring REST Docs),도구&테크놀로지
391,스프링 Session (Spring Session),도구&테크놀로지
392,스프링 Vault (Spring Vault),도구&테크놀로지
393,슬랙 (Slack),도구&테크놀로지
394,심포니 (Symfony),도구&테크놀로지
395,아마존 관계형 데이터베이스 서비스 (Amazon RDS),도구&테크놀로지
396,아마존 다이나모DB (Amazon DynamoDB),도구&테크놀로지
397,아마존 알렉사 (Amazon Alexa),도구&테크놀로지
398,아마존 알렉사 음성 서비스 (Amazon Alexa Voice Service),도구&테크놀로지
399,아마존 웹 서비스 (AWS),도구&테크놀로지
400,아마존 일래스틱 컨테이너 (Amazon ECS),도구&테크놀로지
401,아마존 일래스틱 컴퓨트 클라우드 (Amazon EC2),도구&테크놀로지
402,아마존 EKS (Amazon EKS),도구&테크놀로지
403,아마존 ElastiCache (Amazon ElastiCache),도구&테크놀로지
404,아마존 Redshift (Amazon Redshift),도구&테크놀로지
405,아마존 Route 53 (Amazon Route 53),도구&테크놀로지
406,아마존 S3 (Amazon S3),도구&테크놀로지
407,아파치 (Apache),도구&테크놀로지
408,아파치 메이븐 (Apache Maven),도구&테크놀로지
409,아파치 서버 (Apache server),도구&테크놀로지
410,아파치 스파크 (Apache Spark),도구&테크놀로지
411,아파치 에어플로우 (Apache Airflow),도구&테크놀로지
412,아파치 주키퍼 (Apache ZooKeeper),도구&테크놀로지
413,아파치 카산드라 (Apache Cassandra),도구&테크놀로지
414,아파치 카프카 (Apache Kafka),도구&테크놀로지
415,아파치 코도바 (Apache Cordova),도구&테크놀로지
416,아파치 톰캣 (Apache Tomcat),도구&테크놀로지
417,아파치 하둡 (Apache Hadoop),도구&테크놀로지
418,아파치 하이브 (Apache Hive),도구&테크놀로지
419,아파치 HBase (Apache Hbase),도구&테크놀로지
420,아파치 Ignite (Apache Ignite),도구&테크놀로지
421,아폴로 (Apollo),도구&테크놀로지
422,안드로이드 (Android),도구&테크놀로지
423,암호화 해시 함수 (cryptographic hash),도구&테크놀로지
424,앤서블 (Ansible),도구&테크놀로지
425,앤트 디자인 (React Ant Design),도구&테크놀로지
426,야믈 (Yaml),도구&테크놀로지
427,어도비 일러스트레이터 (Adobe Illustrator),도구&테크놀로지
428,어도비 포토샵 (Adobe Photoshop),도구&테크놀로지
429,어도비 XD (Adobe XD),도구&테크놀로지
430,언리얼 엔진 (Unreal Engine),도구&테크놀로지
431,엔진 x (Ngnix),도구&테크놀로지
432,엘름 (Elm),도구&테크놀로지
433,오라클 웹로직 서버 (Oracle WebLogic Server),도구&테크놀로지
434,오케스트레이션 (Orchestration),도구&테크놀로지
435,오픈 그래픽 라이브러리 (OpenGL),도구&테크놀로지
436,"오픈 소스 소프트웨어 (OSS, Open Source Software)",도구&테크놀로지
437,오픈시프트 (OpenShift),도구&테크놀로지
438,오픈아이디 (OpenID),도구&테크놀로지
439,와일드플라이 (Wildfly),도구&테크놀로지
440,우분투 (Ubuntu),도구&테크놀로지
441,워드프레스 (WordPress),도구&테크놀로지
442,웹뷰 (WebView),도구&테크놀로지
443,웹팩 (Webpack),도구&테크놀로지
444,유니티 (Unity),도구&테크놀로지
445,유닉스 (Unix),도구&테크놀로지
446,이클립스 (Eclipse),도구&테크놀로지
447,인비전 (InVision),도구&테크놀로지
448,인텔리제이 IDEA (IntelliJ IDEA),도구&테크놀로지
449,인플럭스 DB (InfluxDB),도구&테크놀로지
450,일래스틱 서치 (elastic search),도구&테크놀로지
451,일렉트론 (Electron),도구&테크놀로지
452,자바 (Java),도구&테크놀로지
453,자바가상머신 (JVM),도구&테크놀로지
454,자바서버 페이지 (JSP),도구&테크놀로지
455,자바스크립트 (Javascript),도구&테크놀로지
456,"자연어 이해 (NLU, Natural Language Understanding)",도구&테크놀로지
457,장고 (Django),도구&테크놀로지
458,전사적 자원 관리 (ERP),도구&테크놀로지
459,전송 제어 프로토콜 (TCP/IP),도구&테크놀로지
460,전자건강기록 (EMR),도구&테크놀로지
461,정보보호관리체계 (ISMS),도구&테크놀로지
462,제우스 (JEUS),도구&테크놀로지
463,제이유닛 (Junit),도구&테크놀로지
464,제이쿼리 (jQuery),도구&테크놀로지
465,제플린 (Zeplin),도구&테크놀로지
466,젠 (Xen),도구&테크놀로지
467,젠킨스 (Jenkins),도구&테크놀로지
468,줄리아 (Julia),도구&테크놀로지
469,지라 (Jira),도구&테크놀로지
470,직비 (ZigBee),도구&테크놀로지
471,"최소 기능 제품 (MVP, Minimum Viable Product)",도구&테크놀로지
472,카르타고 (Carthage),도구&테크놀로지
473,카탈론 스튜디오 (Katalon Studio),도구&테크놀로지
474,캔버스 (Canvas API),도구&테크놀로지
475,컨테이너 (Container),도구&테크놀로지
476,컨플루언스 (Confluence),도구&테크놀로지
477,케라스 (Keras),도구&테크놀로지
478,코드이그나이터 (CodeIgniter),도구&테크놀로지
479,코루틴 (Coroutine),도구&테크놀로지
480,코코아팟 (CocoaPods),도구&테크놀로지
481,코틀린 (Kotlin),도구&테크놀로지
482,콘술 (Consul),도구&테크놀로지
483,콘텐츠 전송 네트워크 (Content delivery network),도구&테크놀로지
484,쿠버네티스 (Kubernetes),도구&테크놀로지
485,클로저 (Clojure),도구&테크놀로지
486,타입스크립트 (TypeScript),도구&테크놀로지
487,태블로 (Tableau),도구&테크놀로지
488,테라폼 (Terraform),도구&테크놀로지
489,텐서플로 (TensorFlow),도구&테크놀로지
490,"통합 모델링 언어 (UML, Unified Modeling Language)",도구&테크놀로지
491,트렐로 (Trello),도구&테크놀로지
492,파이썬 (Python),도구&테크놀로지
493,파이어베이스 (Firebase),도구&테크놀로지
494,펄 (Perl),도구&테크놀로지
495,포스트맨 (Postman),도구&테크놀로지
496,프로그레시브 웹 앱 (PWA),도구&테크놀로지
497,플라스크 (Flask),도구&테크놀로지
498,플러터 (Flutter),도구&테크놀로지
499,피그마 (Figma),도구&테크놀로지
500,하이버네이트 (Hibernate),도구&테크놀로지
501,하이브 QL (HiveQL),도구&테크놀로지
502,하이퍼텍스트 마크업 언어 (HTML),도구&테크놀로지
503,화면설계서 (Wireframe),도구&테크놀로지
504,"확장 가능한 벡터 그래픽 (SVG, Scalable Vector Graphics)",도구&테크놀로지
505,AFNetworking,도구&테크놀로지
506,AJAX,도구&테크놀로지
507,Alamofire,도구&테크놀로지
508,Amazon Kinesis,도구&테크놀로지
509,amplitude,도구&테크놀로지
510,AngularJS,도구&테크놀로지
511,API gateway,도구&테크놀로지
512,asp.net,도구&테크놀로지
513,Atlassian Bamboo,도구&테크놀로지
514,AWS 람다 (AWS Lambda),도구&테크놀로지
515,AWS CloudFront,도구&테크놀로지
516,AWS CodeBuild,도구&테크놀로지
517,AWS Elastic Beanstalk,도구&테크놀로지
518,bash,도구&테크놀로지
519,C#,도구&테크놀로지
520,C++,도구&테크놀로지
521,C언어,도구&테크놀로지
522,Caffe (Deep Learning Framework),도구&테크놀로지
523,Cascading Style Sheets (CSS),도구&테크놀로지
524,CentOs,도구&테크놀로지
525,ChartIQ (Javascript library),도구&테크놀로지
526,ChartJS,도구&테크놀로지
527,Cocos2d,도구&테크놀로지
528,Computer Telephony Integration (CTI),도구&테크놀로지
529,CUDA,도구&테크놀로지
530,CycleJs,도구&테크놀로지
531,D3.js,도구&테크놀로지
532,Dagger,도구&테크놀로지
533,data studio,도구&테크놀로지
534,DataBinding,도구&테크놀로지
535,ELK Stack,도구&테크놀로지
536,EMCA 스크립트 (ECMAScript),도구&테크놀로지
537,ES6 (ECMAScript6),도구&테크놀로지
538,ESLint,도구&테크놀로지
539,ExpressJS,도구&테크놀로지
540,Fastlane,도구&테크놀로지
541,FFmpeg,도구&테크놀로지
542,Fluentd,도구&테크놀로지
543,G Suite (Google Suite),도구&테크놀로지
544,Glide,도구&테크놀로지
545,GO,도구&테크놀로지
546,Gradle,도구&테크놀로지
547,Graphol,도구&테크놀로지
548,gRPC,도구&테크놀로지
549,Gson,도구&테크놀로지
550,HashiCrop Vault,도구&테크놀로지
551,Highcharts,도구&테크놀로지
552,HTTP,도구&테크놀로지
553,HTTPS,도구&테크놀로지
554,IBM 웹스피어 (IBM WebSphere),도구&테크놀로지
555,IBM Cognos Analytics,도구&테크놀로지
556,iOS,도구&테크놀로지
557,JBoss,도구&테크놀로지
558,Jetpack,도구&테크놀로지
559,JPA (Java Persistence API),도구&테크놀로지
560,Kendo UI,도구&테크놀로지
561,Kibana,도구&테크놀로지
562,LiveData,도구&테크놀로지
563,LaTex,도구&테크놀로지
564,Lottie,도구&테크놀로지
565,Matplotlib,도구&테크놀로지
566,MEAN stack,도구&테크놀로지
567,MFC (Microsoft Foundation Class Library),도구&테크놀로지
568,MobX,도구&테크놀로지
569,modern c++,도구&테크놀로지
570,MVC 패턴,도구&테크놀로지
571,MySQL,도구&테크놀로지
572,NestJS,도구&테크놀로지
573,NextJS,도구&테크놀로지
574,Nexus,도구&테크놀로지
575,NodeJS,도구&테크놀로지
576,NoSQL,도구&테크놀로지
577,npm,도구&테크놀로지
578,numpy,도구&테크놀로지
579,NuxtJS,도구&테크놀로지
580,OAuth,도구&테크놀로지
581,Objective-C,도구&테크놀로지
582,OkHttp3,도구&테크놀로지
583,OpenCV,도구&테크놀로지
584,OpenGL ES,도구&테크놀로지
585,OpenTracing,도구&테크놀로지
586,OpenVINO,도구&테크놀로지
587,Oracle,도구&테크놀로지
588,overflow,도구&테크놀로지
589,Pandas,도구&테크놀로지
590,Parcel,도구&테크놀로지
591,PHP,도구&테크놀로지
592,pivotal,도구&테크놀로지
593,plainJS,도구&테크놀로지
594,PostgreSQL,도구&테크놀로지
595,Pytorch,도구&테크놀로지
596,Qt Framework,도구&테크놀로지
597,R,도구&테크놀로지
598,React Native,도구&테크놀로지
599,ReactorKit,도구&테크놀로지
600,Redash,도구&테크놀로지
601,REST API,도구&테크놀로지
602,RESTful,도구&테크놀로지
603,RESTful API,도구&테크놀로지
604,Retrofit,도구&테크놀로지
605,Retrofit2,도구&테크놀로지
606,rollup,도구&테크놀로지
607,rx2,도구&테크놀로지
608,Sass,도구&테크놀로지
609,Scouter,도구&테크놀로지
610,SCSS,도구&테크놀로지
611,Seaborn,도구&테크놀로지
612,Sequalize ORM,도구&테크놀로지
613,SFM (Structure from motion),도구&테크놀로지
614,Spring for Apache Kafka,도구&테크놀로지
615,SPSS,도구&테크놀로지
616,SQL,도구&테크놀로지
617,TensorRT,도구&테크놀로지
618,Travis CI,도구&테크놀로지
619,TypeORM,도구&테크놀로지
620,Virtual DOM,도구&테크놀로지
621,Visual Inertial Odometry (VIO),도구&테크놀로지
622,VM웨어 (VMware),도구&테크놀로지
623,VueJs,도구&테크놀로지
624,WebGL,도구&테크놀로지
625,WebRTC,도구&테크놀로지
626,Win32 API,도구&테크놀로지
627,Xcode,도구&테크놀로지
628,XML (Extensible Markup Language),도구&테크놀로지
629,Yara,도구&테크놀로지
630,Yarn,도구&테크놀로지
631,Z-Wave,도구&테크놀로지
632,강의 콘텐츠,기타
633,건강/미용,기타
634,결과 공유,기타
635,기술 연구,기타
636,논리적인 커뮤니케이션,기타
637,데이터,기타
638,데이터 기반 의사결정,기타
639,동영상 콘텐츠,기타
640,라즈베리파이,기타
641,레슨 분야,기타
642,문서화,기타
643,물류,기타
644,부가가치세,기타
645,분석,기타
646,블루투스 (Bluetooth),기타
647,비용 검토,기타
648,사업 발굴,기타
649,사용자 리서치,기타
650,성능 측정,기타
651,세무신고,기타
652,소셜 네트워크 서비스 (SNS),기타
653,수학,기타
654,시장 trend 분석,기타
655,알고리즘,기타
656,애플 디자인 법칙,기타
657,앱스토어,기타
658,영상/소리 미디어 처리,기타
659,영어,기타
660,오픈소스,기타
661,원활한 커뮤니케이션,기타
662,웹/앱 서비스 개발/셋업/운영,기타
663,유지 보수,기타
664,이러닝,기타
665,이벤트,기타
666,자동화,기타
667,전처리,기타
668,지식그래프,기타
669,최적화 기술 개발,기타
670,커머스 개발,기타
671,키즈노트,기타
672,테크 블로거,기타
673,트러블슈팅 (Trouble shooting),기타
674,프레임워크 개발,기타
675,프로세스 개선,기타
676,홈/리빙,기타
677,확률,기타
678,회계 감사 대응,기타
679,acm-icpc,기타
680,agile,기타
681,amazon alexa,기타
682,Analytics,기타
683,API,기타
684,ccna,기타
685,chatops,기타
686,clean architecture,기타
687,codejam,기타
688,combine,기타
689,core engineer,기타
690,defcon,기타
691,hacker cup,기타
692,insurtech,기타
693,iOS app 개발,기타
694,live 기술 개발,기타
695,log 처리,기타
696,MarioNETte,기타
697,material,기타
698,mcse,기타
699,mobile deep learning,기타
700,open api,기타
701,os,기타
702,query,기타
703,rcp,기타
704,sqs,기타
705,stereo camera,기타
706,texture,기타
707,TradingView,기타
708,ua,기타
709,unidirectional application,기타
710,vod 기술 개발,기타
711,vod 인코더 개발,기타
712,vod 편집 기능 개발,기타
713,xba,기타
